date,pm25,pm10,o3,no2,so2,co
3/1/2024,5,28,141,10,500,
2/29/2024,64,37,149,10,500,
2/28/2024,39,25,146,14,500,
2/27/2024,24,10,141,21,500,
2/26/2024,43,37,145,11,500,
2/25/2024,34,26,141,14,500,
2/24/2024,72,13,146,11,500,
2/23/2024,5,44,130,15,500,
2/22/2024,16,30,118,16,500,
2/21/2024,48,17,10,10,500,
2/20/2024,54,24,13,11,500,
2/19/2024,24,27,12,9,500,
2/18/2024,44,13,14,10,500,
2/17/2024,7,3,19,9,500,
2/16/2024,28,17,25,8,500,
2/15/2024,6,18,21,8,500,
2/14/2024,47,17,20,9,500,
2/13/2024,64,32,16,7,500,
2/12/2024,52,27,13,7,500,
2/11/2024,27,29,41,6,500,
2/10/2024,56,3,38,6,500,
2/9/2024,42,39,89,7,500,
2/8/2024,51,21,141,8,500,
2/7/2024,46,25,138,11,500,
2/6/2024,26,23,45,15,500,
2/5/2024,46,10,18,12,500,
2/4/2024,37,23,13,9,500,
2/3/2024,77,19,11,7,500,
2/2/2024,29,41,9,7,500,
2/1/2024,27,15,11,9,500,
1/31/2024,5,14,17,16,500,
1/30/2024,46,26,19,18,500,
1/29/2024,49,42,42,14,500,
1/28/2024,60,9,133,11,500,
1/27/2024,63,14,121,10,500,
1/26/2024,61,25,132,11,500,
1/25/2024,57,30,103,11,500,
1/24/2024,5,30,101,11,500,
1/23/2024,58,22,28,11,500,
1/22/2024,13,28,22,7,500,
1/21/2024,17,31,32,11,500,
1/20/2024,29,3,24,2,500,
1/19/2024,20,43,21,19,500,
1/18/2024,33,47,34,3,500,
1/17/2024,39,31,24,11,500,
1/16/2024,29,20,8,7,500,
1/15/2024,30,15,6,7,500,
1/14/2024,49,18,5,8,500,
1/13/2024,53,25,6,8,500,
1/12/2024,47,26,7,9,500,
1/11/2024,60,23,5,9,500,
1/10/2024,54,30,5,8,500,
1/9/2024,41,26,2,8,500,
1/8/2024,47,21,14,10,500,
1/7/2024,57,24,24,18,500,
1/6/2024,54,30,32,22,500,
1/5/2024,76,27,21,25,500,
1/4/2024,52,39,18,29,500,
1/3/2024,39,30,21,25,500,
1/2/2024,63,20,10,20,500,
1/1/2024,46,32,21,21,500,
12/31/2023,60,23,29,21,500,
12/30/2023,54,31,21,22,500,
12/29/2023,71,27,15,25,500,
12/28/2023,85,35,29,35,500,
12/27/2023,96,42,33,30,500,
12/26/2023,84,48,35,30,500,
12/25/2023,53,42,24,32,500,
12/24/2023,68,30,22,25,500,
12/23/2023,79,37,21,25,500,
12/22/2023,68,42,19,26,500,
12/21/2023,50,35,23,21,500,
12/20/2023,35,27,20,22,500,
12/19/2023,27,18,9,19,500,
12/18/2023,46,14,6,12,500,
12/17/2023,29,24,3,21,500,
12/16/2023,25,16,3,17,500,
12/15/2023,25,14,5,17,500,
12/14/2023,40,12,13,18,500,
12/13/2023,68,20,15,17,500,
12/12/2023,37,34,29,24,500,
12/11/2023,36,18,15,19,500,
12/10/2023,36,18,11,19,500,
12/9/2023,46,18,17,20,500,
12/8/2023,49,22,19,23,500,
12/7/2023,52,25,31,26,500,
12/6/2023,48,27,18,20,500,
12/5/2023,31,25,8,21,500,
12/4/2023,58,15,10,20,500,
12/3/2023,78,29,9,15,500,
12/2/2023,66,40,10,25,500,
12/1/2023,43,33,10,26,500,
11/30/2023,47,22,13,17,500,
11/29/2023,94,23,18,22,500,
11/28/2023,96,45,29,28,500,
11/27/2023,81,47,32,28,500,
11/26/2023,55,41,32,24,500,
11/25/2023,79,29,29,20,500,
11/24/2023,85,39,33,27,500,
11/23/2023,55,43,30,27,500,
11/22/2023,75,28,21,23,500,
11/21/2023,66,37,22,30,500,
11/20/2023,59,34,43,28,500,
11/19/2023,50,30,38,28,500,
11/18/2023,40,27,27,28,500,
11/17/2023,27,24,22,26,500,
11/16/2023,27,18,18,19,500,
11/15/2023,52,16,14,19,500,
11/14/2023,29,26,15,23,500,
11/13/2023,24,13,6,13,500,
11/12/2023,37,12,3,11,500,
11/11/2023,21,18,2,16,500,
11/10/2023,11,10,4,12,500,
11/9/2023,16,6,3,10,500,
11/8/2023,43,8,4,11,500,
11/7/2023,40,22,8,16,500,
11/6/2023,33,21,8,16,500,
11/5/2023,27,17,4,14,500,
11/4/2023,29,14,5,12,500,
11/3/2023,37,14,4,12,500,
11/2/2023,60,18,6,14,500,
11/1/2023,59,33,10,18,500,
10/31/2023,40,30,13,15,500,
10/30/2023,17,21,9,16,500,
10/29/2023,39,8,6,15,500,
10/28/2023,38,20,5,14,500,
10/27/2023,52,19,7,20,500,
10/26/2023,47,26,18,26,500,
10/25/2023,42,24,22,29,500,
10/24/2023,33,20,28,26,500,
10/23/2023,39,17,17,23,500,
10/22/2023,14,20,13,24,500,
10/21/2023,18,7,15,17,500,
10/20/2023,17,11,15,20,500,
10/19/2023,21,12,18,13,500,
10/18/2023,52,10,16,14,500,
10/17/2023,59,28,23,22,500,
10/16/2023,54,34,42,26,500,
10/15/2023,45,28,31,19,500,
10/14/2023,65,24,25,14,500,
10/13/2023,36,33,21,13,500,
10/12/2023,30,19,3,11,500,
10/11/2023,21,15,2,9,500,
10/10/2023,29,10,2,9,500,
10/9/2023,23,15,2,8,500,
10/8/2023,23,13,2,10,500,
10/7/2023,51,12,3,10,500,
10/6/2023,48,26,2,12,500,
10/5/2023,36,24,6,11,500,
10/4/2023,34,18,2,9,500,
10/3/2023,39,17,2,9,500,
10/2/2023,33,20,2,9,500,
10/1/2023,32,17,3,9,500,
9/30/2023,30,16,2,7,500,
9/29/2023,25,15,2,7,500,
9/28/2023,25,12,1,8,500,
9/27/2023,19,13,1,5,500,
9/26/2023,24,9,1,5,500,
9/25/2023,24,12,1,6,500,
9/24/2023,33,13,2,10,500,
9/23/2023,24,17,3,9,500,
9/22/2023,23,12,3,8,500,
9/21/2023,22,11,2,7,500,
9/20/2023,21,11,1,6,500,
9/19/2023,11,10,1,7,500,
9/18/2023,15,5,1,6,500,
9/17/2023,27,7,2,7,500,
9/16/2023,18,13,1,8,500,
9/15/2023,14,9,1,8,500,
9/14/2023,8,7,1,6,500,
9/13/2023,16,4,1,5,500,
9/12/2023,40,8,1,6,500,
9/11/2023,51,20,1,6,500,
9/10/2023,41,25,9,8,500,
9/9/2023,46,20,3,7,500,
9/8/2023,49,23,3,7,500,
9/7/2023,59,24,4,11,500,
9/6/2023,49,30,4,10,500,
9/5/2023,27,25,5,8,500,
9/4/2023,16,14,3,8,500,
9/3/2023,20,8,1,7,500,
9/2/2023,40,10,2,7,500,
9/1/2023,53,20,3,9,500,
8/31/2023,49,27,4,8,500,
8/30/2023,34,25,3,13,500,
8/29/2023,21,18,3,9,500,
8/28/2023,31,11,1,7,500,
8/27/2023,41,16,2,8,500,
8/26/2023,53,21,2,8,500,
8/25/2023,28,26,1,7,500,
8/24/2023,29,14,1,8,500,
8/23/2023,43,15,2,8,500,
8/22/2023,26,22,3,7,500,
8/21/2023,24,14,2,7,500,
8/20/2023,39,12,1,7,500,
8/19/2023,64,19,1,7,500,
8/18/2023,48,32,2,8,500,
8/17/2023,41,24,3,6,500,
8/16/2023,40,21,3,7,500,
8/15/2023,22,20,2,7,500,
8/14/2023,31,11,3,7,500,
8/13/2023,43,16,2,7,500,
8/12/2023,24,22,5,7,500,
8/11/2023,20,12,2,7,500,
8/10/2023,31,10,2,7,500,
8/9/2023,10,16,3,9,500,
8/8/2023,7,5,3,6,500,
8/7/2023,10,4,1,5,500,
8/6/2023,7,5,1,4,500,
8/5/2023,11,4,1,5,500,
8/4/2023,24,5,1,4,500,
8/3/2023,18,12,1,5,500,
8/2/2023,25,9,1,4,500,
8/1/2023,24,12,1,7,500,
7/31/2023,19,12,1,6,500,
7/30/2023,30,10,1,7,500,
7/29/2023,111,15,2,7,500,
7/28/2023,54,52,3,11,500,
7/27/2023,15,28,6,8,500,
7/26/2023,27,7,3,7,500,
7/25/2023,19,9,32,6,500,
7/24/2023,71,20,43,28,500,
7/23/2023,45,27,26,2,500,
7/22/2023,15,29,28,17,500,
7/21/2023,13,8,4,6,500,
7/20/2023,20,7,7,6,500,
7/19/2023,41,10,2,7,500,
7/18/2023,38,20,2,10,500,
7/17/2023,46,19,7,5,500,
7/16/2023,69,26,3,10,500,
7/15/2023,43,35,6,8,500,
7/14/2023,27,22,4,7,500,
7/13/2023,33,14,4,7,500,
7/12/2023,19,17,5,6,500,
7/11/2023,21,10,5,5,500,
7/10/2023,27,10,4,5,500,
7/9/2023,22,14,3,5,500,
7/8/2023,22,11,3,5,500,
7/7/2023,24,11,3,5,500,
7/6/2023,19,13,3,5,500,
7/5/2023,8,10,3,5,500,
7/4/2023,11,4,4,5,500,
7/3/2023,14,6,3,5,500,
7/2/2023,21,7,3,5,500,
7/1/2023,33,11,4,5,500,
6/30/2023,44,17,3,6,500,
6/29/2023,22,23,3,4,500,
6/28/2023,24,11,2,5,500,
6/27/2023,22,12,1,7,500,
6/26/2023,14,11,2,6,500,
6/25/2023,14,7,1,5,500,
6/24/2023,15,7,1,5,500,
6/23/2023,26,8,1,8,500,
6/22/2023,21,13,4,8,500,
6/21/2023,25,11,14,4,500,
6/20/2023,66,7,12,1,500,
6/19/2023,5,20,11,1,500,
6/18/2023,37,25,11,1,500,
6/17/2023,5,21,10,1,500,
6/16/2023,36,30,11,1,500,
6/15/2023,46,3,12,1,500,
6/14/2023,39,22,11,1,500,
6/13/2023,96,20,11,1,500,
6/12/2023,63,16,11,1,500,
6/11/2023,57,26,10,1,500,
6/10/2023,38,39,11,1,500,
6/9/2023,68,7,12,1,500,
6/8/2023,82,13,12,1,500,
6/7/2023,5,35,12,1,500,
6/6/2023,68,19,13,1,500,
6/5/2023,30,30,12,1,500,
6/4/2023,24,19,11,1,500,
6/3/2023,37,17,12,1,500,
6/2/2023,33,43,11,1,500,
6/1/2023,51,18,12,1,500,
5/31/2023,28,8,12,1,500,
5/30/2023,44,20,13,1,500,
5/29/2023,37,24,11,1,500,
5/28/2023,52,23,10,1,500,
5/27/2023,5,41,11,1,500,
5/26/2023,6,24,10,1,500,
5/25/2023,45,36,11,1,500,
5/24/2023,16,9,11,1,500,
5/23/2023,58,48,10,1,500,
5/22/2023,51,18,10,1,500,
5/21/2023,63,39,10,1,500,
5/20/2023,38,31,10,1,500,
5/19/2023,37,53,10,1,500,
5/18/2023,74,17,10,1,500,
5/17/2023,70,49,11,1,500,
5/16/2023,71,22,11,1,500,
5/15/2023,41,18,11,1,500,
5/14/2023,38,4,10,1,500,
5/13/2023,23,33,11,1,500,
5/12/2023,63,20,10,1,500,
5/11/2023,72,53,10,1,500,
5/10/2023,29,30,11,1,500,
5/9/2023,5,29,10,1,500,
5/8/2023,48,24,11,1,500,
5/7/2023,26,18,10,1,500,
5/6/2023,54,23,10,1,500,
5/5/2023,30,8,10,1,500,
5/4/2023,43,16,10,1,500,
5/3/2023,33,4,10,1,500,
5/2/2023,5,24,10,1,500,
5/1/2023,82,27,10,1,500,
4/30/2023,52,23,10,1,500,
4/29/2023,91,44,10,1,500,
4/28/2023,26,37,10,1,500,
4/27/2023,5,23,10,1,500,
4/26/2023,29,34,10,1,500,
4/25/2023,32,35,10,1,500,
4/24/2023,50,35,10,1,500,
4/23/2023,44,26,10,1,500,
4/22/2023,28,40,10,1,500,
4/21/2023,13,26,11,1,500,
4/20/2023,67,50,11,1,500,
4/19/2023,27,3,11,1,500,
4/18/2023,41,30,12,1,500,
4/17/2023,63,13,12,1,500,
4/16/2023,67,12,15,1,500,
4/15/2023,43,13,18,1,500,
4/14/2023,45,12,21,1,500,
4/13/2023,45,12,22,1,500,
4/12/2023,69,32,22,1,500,
4/11/2023,23,17,23,1,500,
4/10/2023,52,3,18,1,500,
4/9/2023,49,31,17,1,500,
4/8/2023,39,21,20,1,500,
4/7/2023,5,20,16,1,500,
4/6/2023,71,59,14,1,500,
4/5/2023,56,33,13,1,500,
4/4/2023,26,28,12,1,500,
4/3/2023,5,42,12,1,500,
4/2/2023,39,39,11,1,500,
4/1/2023,49,18,12,1,500,
3/31/2023,54,42,12,1,500,
3/30/2023,62,4,13,1,500,
3/29/2023,5,6,12,1,500,
3/28/2023,35,23,6,1,500,
3/27/2023,5,31,1,1,500,
3/26/2023,26,30,23,1,500,
3/25/2023,21,25,24,1,500,
3/24/2023,49,3,37,1,500,
3/23/2023,52,27,53,1,500,
3/22/2023,49,13,85,1,500,
3/21/2023,54,15,39,1,500,
3/20/2023,48,24,32,1,500,
3/19/2023,45,30,31,1,500,
3/18/2023,32,19,14,1,500,
3/17/2023,39,27,14,1,500,
3/16/2023,69,12,17,1,500,
3/15/2023,15,3,16,1,500,
3/14/2023,32,53,26,1,500,
3/13/2023,46,8,13,1,500,
3/12/2023,7,27,17,1,500,
3/11/2023,22,3,24,1,500,
3/10/2023,37,29,21,1,500,
3/9/2023,11,19,28,1,500,
3/8/2023,49,21,23,1,500,
3/7/2023,76,24,33,2,500,
3/6/2023,51,30,18,1,500,
3/5/2023,8,29,21,1,500,
3/4/2023,6,20,16,1,500,
3/3/2023,5,16,17,1,500,
3/2/2023,29,17,22,1,500,
3/1/2023,78,29,13,1,500,
2/28/2023,37,13,14,1,500,
2/27/2023,56,18,25,1,500,
2/26/2023,5,62,24,1,500,
2/25/2023,73,19,21,1,500,
2/24/2023,28,19,18,1,500,
2/23/2023,39,8,15,1,500,
2/22/2023,57,25,21,1,500,
2/21/2023,64,20,24,1,500,
2/20/2023,74,37,18,1,500,
2/19/2023,17,21,10,1,500,
2/18/2023,28,49,16,1,500,
2/17/2023,42,39,14,1,500,
2/16/2023,53,7,13,1,500,
2/15/2023,5,16,19,1,500,
2/14/2023,29,37,7,1,500,
2/13/2023,5,33,7,1,500,
2/12/2023,36,14,7,1,500,
2/11/2023,6,27,8,1,500,
2/10/2023,38,43,7,1,500,
2/9/2023,32,12,16,1,500,
2/8/2023,74,23,22,25,500,
2/7/2023,68,28,18,21,500,
2/6/2023,23,41,33,1,500,
2/5/2023,52,43,47,19,500,
2/4/2023,13,29,10,8,500,
2/3/2023,36,20,22,10,500,
2/2/2023,100,6,10,20,500,
2/1/2023,32,13,13,12,500,
1/31/2023,50,7,18,26,500,
1/30/2023,24,15,35,16,500,
1/29/2023,22,40,28,3,500,
1/28/2023,38,22,22,8,500,
1/27/2023,61,9,15,1,500,
1/26/2023,37,30,10,1,500,
1/25/2023,60,21,20,1,500,
1/24/2023,24,11,26,1,500,
1/23/2023,35,27,9,1,500,
1/22/2023,77,10,11,1,500,
1/21/2023,63,41,20,1,500,
1/20/2023,34,39,17,1,500,
1/19/2023,41,14,13,1,500,
1/18/2023,71,19,10,1,500,
1/17/2023,55,29,12,1,500,
1/16/2023,60,13,18,1,500,
1/15/2023,55,50,21,1,500,
1/14/2023,33,14,7,1,500,
1/13/2023,61,37,7,1,500,
1/12/2023,5,10,7,1,500,
1/11/2023,69,39,9,1,500,
1/10/2023,5,40,7,1,500,
1/9/2023,23,50,7,1,500,
1/8/2023,5,54,13,1,500,
1/7/2023,54,20,12,1,500,
1/6/2023,25,16,15,1,500,
1/5/2023,26,40,7,1,500,
1/4/2023,30,43,8,1,500,
1/3/2023,41,19,6,1,500,
1/2/2023,15,56,7,1,500,
1/1/2023,37,5,13,1,500,
12/31/2022,90,4,9,1,500,
12/30/2022,70,49,10,1,500,
12/29/2022,21,19,17,1,500,
12/28/2022,7,24,17,1,500,
12/27/2022,43,35,17,1,500,
12/26/2022,51,29,13,1,500,
12/25/2022,46,30,18,1,500,
12/24/2022,59,44,29,1,500,
12/23/2022,47,17,26,1,500,
12/22/2022,52,4,12,1,500,
12/21/2022,42,23,16,1,500,
12/20/2022,52,32,11,1,500,
12/19/2022,33,25,15,1,500,
12/18/2022,60,9,21,2,500,
12/17/2022,56,10,25,1,500,
12/16/2022,74,21,14,1,500,
12/15/2022,62,4,21,1,500,
12/14/2022,23,38,20,1,500,
12/13/2022,65,16,15,1,500,
12/12/2022,51,49,17,1,500,
12/11/2022,41,9,15,1,500,
12/10/2022,59,24,6,1,500,
12/9/2022,58,36,3,1,500,
12/8/2022,52,9,16,1,500,
12/7/2022,28,37,6,1,500,
12/6/2022,15,46,5,1,500,
12/5/2022,54,27,3,1,500,
12/4/2022,23,3,3,1,500,
12/3/2022,60,4,2,1,500,
12/2/2022,34,26,2,1,500,
12/1/2022,24,39,2,1,500,
11/30/2022,42,33,6,1,500,
11/29/2022,28,47,6,1,500,
11/28/2022,43,18,6,1,500,
11/27/2022,45,3,6,1,500,
11/26/2022,76,46,7,1,500,
11/25/2022,7,22,7,1,500,
11/24/2022,56,25,7,1,500,
11/23/2022,66,17,8,1,500,
11/22/2022,32,5,7,1,500,
11/21/2022,43,3,9,1,500,
11/20/2022,74,24,9,1,500,
11/19/2022,13,11,8,1,500,
11/18/2022,33,21,8,1,500,
11/17/2022,15,3,9,1,500,
11/16/2022,21,26,8,1,500,
11/15/2022,24,25,11,1,500,
11/14/2022,79,15,7,1,500,
11/13/2022,69,36,8,1,500,
11/12/2022,72,33,8,1,500,
11/11/2022,110,16,9,1,500,
11/10/2022,40,42,6,1,500,
11/9/2022,46,13,8,1,500,
11/8/2022,30,25,13,1,500,
11/7/2022,31,3,16,1,500,
11/6/2022,40,15,14,1,500,
11/5/2022,47,23,19,1,500,
11/4/2022,10,29,18,1,500,
11/3/2022,46,28,30,1,500,
11/2/2022,36,30,21,1,500,
11/1/2022,20,47,20,1,500,
10/31/2022,73,37,21,1,500,
10/30/2022,60,28,17,1,500,
10/29/2022,22,42,21,1,500,
10/28/2022,62,12,19,1,500,
10/27/2022,64,15,9,1,500,
10/26/2022,34,29,11,1,500,
10/25/2022,5,29,20,1,500,
10/24/2022,22,17,32,1,500,
10/23/2022,44,21,17,1,500,
10/22/2022,95,21,19,1,500,
10/21/2022,11,3,13,1,500,
10/20/2022,5,32,9,1,500,
10/19/2022,37,34,26,1,500,
10/18/2022,27,48,35,1,500,
10/17/2022,53,27,37,1,500,
10/16/2022,17,23,27,1,500,
10/15/2022,59,15,28,1,500,
10/14/2022,33,39,32,1,500,
10/13/2022,49,21,28,1,500,
10/12/2022,43,28,27,1,500,
10/11/2022,22,13,14,1,500,
10/10/2022,43,24,7,1,500,
10/9/2022,59,3,8,1,500,
10/8/2022,5,30,7,1,500,
10/7/2022,19,17,6,1,500,
10/6/2022,45,44,8,1,500,
10/5/2022,78,16,9,1,500,
10/4/2022,32,10,6,1,500,
10/3/2022,45,24,8,1,500,
10/2/2022,65,23,5,1,500,
10/1/2022,69,40,5,1,500,
9/30/2022,48,27,5,1,500,
9/29/2022,25,3,6,1,500,
9/28/2022,52,20,16,1,500,
9/27/2022,23,37,21,1,500,
9/26/2022,77,17,18,1,500,
9/25/2022,30,35,11,1,500,
9/24/2022,33,43,13,1,500,
9/23/2022,57,7,15,1,500,
9/22/2022,51,4,10,1,500,
9/21/2022,25,24,11,1,500,
9/20/2022,52,21,7,1,500,
9/19/2022,52,25,10,1,500,
9/18/2022,52,26,15,1,500,
9/17/2022,5,57,4,1,500,
9/16/2022,30,28,7,1,500,
9/15/2022,86,29,10,1,500,
9/14/2022,38,3,12,1,500,
9/13/2022,31,3,16,1,500,
9/12/2022,30,31,10,1,500,
9/11/2022,13,13,7,1,500,
9/10/2022,50,43,6,1,500,
9/9/2022,30,18,5,1,500,
9/8/2022,68,43,6,1,500,
9/7/2022,88,25,20,1,500,
9/6/2022,10,52,16,1,500,
9/5/2022,43,37,14,1,500,
9/4/2022,42,41,18,1,500,
9/3/2022,55,10,22,1,500,
9/2/2022,5,3,11,1,500,
9/1/2022,29,38,7,1,500,
8/31/2022,24,20,6,1,500,
8/30/2022,27,19,6,1,500,
8/29/2022,51,41,5,1,500,
8/28/2022,13,7,6,1,500,
8/27/2022,30,14,6,1,500,
8/26/2022,89,25,6,1,500,
8/25/2022,51,27,10,1,500,
8/24/2022,14,9,14,1,500,
8/23/2022,29,34,9,1,500,
8/22/2022,73,3,8,1,500,
8/21/2022,13,38,7,1,500,
8/20/2022,50,26,7,1,500,
8/19/2022,31,16,11,1,500,
8/18/2022,50,9,9,1,500,
8/17/2022,34,43,7,1,500,
8/16/2022,86,20,8,1,500,
8/15/2022,6,5,9,1,500,
8/14/2022,27,13,9,1,500,
8/13/2022,81,31,6,1,500,
8/12/2022,34,40,7,1,500,
8/11/2022,38,8,8,1,500,
8/10/2022,46,30,7,1,500,
8/9/2022,30,11,11,1,500,
8/8/2022,65,7,10,1,500,
8/7/2022,34,3,8,1,500,
8/6/2022,18,6,6,1,500,
8/5/2022,39,19,8,1,500,
8/4/2022,44,30,11,1,500,
8/3/2022,5,3,11,1,500,
8/2/2022,58,17,8,1,500,
8/1/2022,40,34,11,1,500,
7/31/2022,29,60,12,1,500,
7/30/2022,23,30,9,1,500,
7/29/2022,34,3,7,1,500,
7/28/2022,5,6,9,1,500,
7/27/2022,36,32,6,1,500,
7/26/2022,73,31,9,1,500,
7/25/2022,46,31,6,1,500,
7/24/2022,43,30,8,1,500,
7/23/2022,25,31,9,1,500,
7/22/2022,29,29,8,1,500,
7/21/2022,41,31,8,1,500,
7/20/2022,23,3,6,1,500,
7/19/2022,74,18,8,1,500,
7/18/2022,49,15,9,1,500,
7/17/2022,19,16,8,1,500,
7/16/2022,34,18,6,1,500,
7/15/2022,42,38,5,1,500,
7/14/2022,38,39,4,1,500,
7/13/2022,28,3,5,1,500,
7/12/2022,25,30,18,1,500,
7/11/2022,16,21,24,1,500,
7/10/2022,47,21,23,1,500,
7/9/2022,111,13,21,1,500,
7/8/2022,43,4,22,1,500,
7/7/2022,18,21,22,1,500,
7/6/2022,37,11,29,1,500,
7/5/2022,5,26,24,1,500,
7/4/2022,5,21,23,1,500,
7/3/2022,40,20,22,1,500,
7/2/2022,11,12,16,1,500,
7/1/2022,15,27,20,1,500,
6/30/2022,31,15,14,1,500,
6/29/2022,57,34,23,1,500,
6/28/2022,69,40,22,1,500,
6/27/2022,41,47,18,1,500,
6/26/2022,5,19,19,1,500,
6/25/2022,31,48,18,1,500,
6/24/2022,24,42,16,1,500,
6/23/2022,13,3,21,1,500,
6/22/2022,76,37,20,1,500,
6/21/2022,38,12,20,1,500,
6/20/2022,75,25,29,1,500,
6/19/2022,17,21,21,1,500,
6/18/2022,60,13,25,1,500,
6/17/2022,52,31,20,1,500,
6/16/2022,53,3,19,1,500,
6/15/2022,38,14,20,1,500,
6/14/2022,40,12,21,1,500,
6/13/2022,27,13,23,1,500,
6/12/2022,40,34,22,1,500,
6/11/2022,49,24,19,1,500,
6/10/2022,66,3,27,1,500,
6/9/2022,50,3,18,1,500,
6/8/2022,26,20,17,1,500,
6/7/2022,16,29,18,1,500,
6/6/2022,25,31,22,1,500,
6/5/2022,28,21,25,1,500,
6/4/2022,30,25,27,1,500,
6/3/2022,75,3,24,1,500,
6/2/2022,25,25,27,1,500,
6/1/2022,69,34,20,1,500,
5/31/2022,62,38,19,1,500,
5/30/2022,16,5,25,1,500,
5/29/2022,39,13,23,1,500,
5/28/2022,71,15,20,1,500,
5/27/2022,60,54,21,1,500,
5/26/2022,32,23,19,1,500,
5/25/2022,17,31,16,1,500,
5/24/2022,10,12,17,1,500,
5/23/2022,40,23,16,1,500,
5/22/2022,16,32,16,1,500,
5/21/2022,57,27,21,1,500,
5/20/2022,48,30,15,1,500,
5/19/2022,5,27,14,1,500,
5/18/2022,60,42,18,1,500,
5/17/2022,12,21,15,1,500,
5/16/2022,13,28,12,1,500,
5/15/2022,10,47,15,1,500,
5/14/2022,51,14,16,1,500,
5/13/2022,73,31,17,1,500,
5/12/2022,65,17,15,1,500,
5/11/2022,54,10,20,1,500,
5/10/2022,95,34,13,1,500,
5/9/2022,23,10,19,1,500,
5/8/2022,46,31,8,1,500,
5/7/2022,27,11,12,1,500,
5/6/2022,5,25,14,1,500,
5/5/2022,14,9,20,1,500,
5/4/2022,48,19,36,1,500,
5/3/2022,14,44,32,1,500,
5/2/2022,36,21,17,1,500,
5/1/2022,9,56,14,1,500,
4/30/2022,66,21,18,1,500,
4/29/2022,36,34,19,1,500,
4/28/2022,25,23,14,1,500,
4/27/2022,42,44,14,1,500,
4/26/2022,22,27,16,1,500,
4/25/2022,65,54,9,1,500,
4/24/2022,21,34,8,1,500,
4/23/2022,52,34,9,1,500,
4/22/2022,61,19,12,1,500,
4/21/2022,19,29,14,1,500,
4/20/2022,56,23,10,1,500,
4/19/2022,46,37,12,1,500,
4/18/2022,62,3,6,1,500,
4/17/2022,18,27,7,1,500,
4/16/2022,22,4,11,1,500,
4/15/2022,26,16,13,1,500,
4/14/2022,34,21,22,1,500,
4/13/2022,40,37,13,1,500,
4/12/2022,39,34,8,1,500,
4/11/2022,67,20,13,1,500,
4/10/2022,42,28,21,1,500,
4/9/2022,39,40,32,1,500,
4/8/2022,29,38,44,1,500,
4/7/2022,40,39,34,1,500,
4/6/2022,22,37,47,1,500,
4/5/2022,58,36,47,1,500,
4/4/2022,83,42,45,1,500,
4/3/2022,50,10,38,1,500,
4/2/2022,67,31,18,1,500,
4/1/2022,61,21,14,1,500,
3/31/2022,52,35,10,1,500,
3/30/2022,38,30,6,1,500,
3/29/2022,5,25,6,1,500,
3/28/2022,46,17,8,1,500,
3/27/2022,18,13,11,1,500,
3/26/2022,62,11,9,1,500,
3/25/2022,59,31,4,1,500,
3/24/2022,29,5,6,1,500,
3/23/2022,103,25,12,1,500,
3/22/2022,5,25,12,1,500,
3/21/2022,26,56,12,1,500,
3/20/2022,33,25,13,1,500,
3/19/2022,17,36,14,1,500,
3/18/2022,75,13,11,1,500,
3/17/2022,57,23,11,1,500,
3/16/2022,39,28,11,1,500,
3/15/2022,52,28,13,1,500,
3/14/2022,12,21,16,1,500,
3/13/2022,38,48,3,1,500,
3/12/2022,59,36,2,12,500,
3/11/2022,60,49,22,11,500,
3/10/2022,56,34,11,1,500,
3/9/2022,55,35,11,1,500,
3/8/2022,65,13,18,1,500,
3/7/2022,65,14,4,1,500,
3/6/2022,49,37,4,16,500,
3/5/2022,5,11,4,1,500,
3/4/2022,27,28,6,1,500,
3/3/2022,6,42,15,1,500,
3/2/2022,34,29,11,1,500,
3/1/2022,85,17,9,1,500,
2/28/2022,42,24,15,1,500,
2/27/2022,5,36,19,1,500,
2/26/2022,82,4,13,1,500,
2/25/2022,24,31,15,1,500,
2/24/2022,56,45,11,1,500,
2/23/2022,29,25,7,1,500,
2/22/2022,42,46,6,1,500,
2/21/2022,5,22,6,1,500,
2/20/2022,54,34,8,1,500,
2/19/2022,5,6,5,1,500,
2/18/2022,14,55,3,1,500,
2/17/2022,13,20,3,1,500,
2/16/2022,31,18,3,1,500,
2/15/2022,77,18,3,1,500,
2/14/2022,58,40,3,1,500,
2/13/2022,42,16,2,1,500,
2/12/2022,57,22,2,1,500,
2/11/2022,27,14,3,1,500,
2/10/2022,25,24,2,1,500,
2/9/2022,20,51,2,1,500,
2/8/2022,32,13,2,1,500,
2/7/2022,43,39,3,1,500,
2/6/2022,14,20,7,1,500,
2/5/2022,33,40,7,1,500,
2/4/2022,54,3,5,1,500,
2/3/2022,30,18,4,1,500,
2/2/2022,50,22,4,1,500,
2/1/2022,61,37,4,1,500,
1/31/2022,44,3,4,1,500,
1/30/2022,42,35,3,1,500,
1/29/2022,24,35,3,1,500,
1/28/2022,47,3,5,1,500,
1/27/2022,5,26,3,1,500,
1/26/2022,36,33,3,1,500,
1/25/2022,47,21,2,1,500,
1/24/2022,64,38,2,1,500,
1/23/2022,26,30,3,1,500,
1/22/2022,51,26,5,1,500,
1/21/2022,47,28,6,1,500,
1/20/2022,20,19,5,1,500,
1/19/2022,70,12,8,1,500,
1/18/2022,36,3,5,1,500,
1/17/2022,5,56,3,1,500,
1/16/2022,38,7,5,1,500,
1/15/2022,71,12,4,1,500,
1/14/2022,19,32,4,1,500,
1/13/2022,19,33,4,1,500,
1/12/2022,80,3,4,1,500,
1/11/2022,54,15,5,1,500,
1/10/2022,5,43,4,1,500,
1/9/2022,21,18,6,1,500,
1/8/2022,65,3,9,1,500,
1/7/2022,5,52,11,1,500,
1/6/2022,49,35,7,1,500,
1/5/2022,56,7,11,6,500,
1/4/2022,29,26,10,9,500,
1/3/2022,10,27,11,10,500,
1/2/2022,20,9,12,12,500,
1/1/2022,44,22,14,7,500,
12/31/2021,17,45,9,11,500,
12/30/2021,56,41,10,12,500,
12/29/2021,44,20,10,8,500,
12/28/2021,31,20,10,12,500,
12/27/2021,77,17,10,11,500,
12/26/2021,64,3,10,7,500,
12/25/2021,66,12,15,13,500,
12/24/2021,34,17,11,14,500,
12/23/2021,38,18,11,14,500,
12/22/2021,13,6,8,13,500,
12/21/2021,106,26,11,15,500,
12/20/2021,8,22,10,14,500,
12/19/2021,31,70,13,15,500,
12/18/2021,64,27,16,15,500,
12/17/2021,65,15,11,14,500,
12/16/2021,31,33,12,13,500,
12/15/2021,88,15,16,14,500,
12/14/2021,5,3,19,16,500,
12/13/2021,22,13,12,16,500,
12/12/2021,81,26,18,13,500,
12/11/2021,42,32,16,15,500,
12/10/2021,5,47,22,17,500,
12/9/2021,27,22,21,16,500,
12/8/2021,63,26,12,20,500,
12/7/2021,27,35,17,24,500,
12/6/2021,38,40,17,21,500,
12/5/2021,21,23,16,21,500,
12/4/2021,47,12,18,20,500,
12/3/2021,28,34,15,21,500,
12/2/2021,23,58,16,22,500,
12/1/2021,53,25,18,22,500,
11/30/2021,27,23,19,21,500,
11/29/2021,83,12,22,17,500,
11/28/2021,56,15,21,22,500,
11/27/2021,43,3,17,22,500,
11/26/2021,84,9,18,24,500,
11/25/2021,29,7,20,21,500,
11/24/2021,28,38,19,19,500,
11/23/2021,56,27,16,16,500,
11/22/2021,32,18,19,15,500,
11/21/2021,7,28,13,12,500,
11/20/2021,55,28,16,13,500,
11/19/2021,45,41,16,15,500,
11/18/2021,29,7,9,17,500,
11/17/2021,68,36,8,20,500,
11/16/2021,11,28,12,22,500,
11/15/2021,67,25,15,26,500,
11/14/2021,15,22,16,23,500,
11/13/2021,6,54,10,18,500,
11/12/2021,74,23,1,20,500,
11/11/2021,59,26,16,4,500,
11/10/2021,79,15,10,9,500,
11/9/2021,102,18,11,12,500,
11/8/2021,5,54,13,16,500,
11/7/2021,22,61,8,10,500,
11/6/2021,101,50,10,10,500,
11/5/2021,60,3,8,8,500,
11/4/2021,48,35,10,8,500,
11/3/2021,85,9,8,12,500,
11/2/2021,40,5,7,12,500,
11/1/2021,25,15,7,14,500,
10/31/2021,5,29,6,14,500,
10/30/2021,50,17,8,12,500,
10/29/2021,5,42,10,13,500,
10/28/2021,59,3,12,17,500,
10/27/2021,36,23,15,15,500,
10/26/2021,30,19,18,16,500,
10/25/2021,59,33,16,18,500,
10/24/2021,41,22,11,15,500,
10/23/2021,36,31,9,12,500,
10/22/2021,72,14,9,13,500,
10/21/2021,26,14,7,9,500,
10/20/2021,65,26,9,8,500,
10/19/2021,39,58,8,11,500,
10/18/2021,9,33,7,12,500,
10/17/2021,21,14,9,7,500,
10/16/2021,67,22,8,7,500,
10/15/2021,14,50,9,9,500,
10/14/2021,47,34,9,7,500,
10/13/2021,73,40,11,9,500,
10/12/2021,6,11,11,7,500,
10/11/2021,5,20,9,7,500,
10/10/2021,98,3,9,7,500,
10/9/2021,30,49,11,5,500,
10/8/2021,10,17,15,6,500,
10/7/2021,48,9,15,11,500,
10/6/2021,42,9,16,11,500,
10/5/2021,47,6,11,16,500,
10/4/2021,75,3,9,15,500,
10/3/2021,16,12,12,16,500,
10/2/2021,72,20,9,10,500,
10/1/2021,72,33,7,10,500,
9/30/2021,91,23,6,11,500,
9/29/2021,26,19,7,10,500,
9/28/2021,5,32,8,11,500,
9/27/2021,61,27,9,11,500,
9/26/2021,55,18,8,10,500,
9/25/2021,52,11,5,11,500,
9/24/2021,51,38,12,9,500,
9/23/2021,59,23,7,7,500,
9/22/2021,55,28,6,10,500,
9/21/2021,10,46,10,14,500,
9/20/2021,67,16,4,10,500,
9/19/2021,44,36,53,15,500,
9/18/2021,17,30,51,13,500,
9/17/2021,77,34,23,7,500,
9/16/2021,46,8,29,8,500,
9/15/2021,55,20,22,8,500,
9/14/2021,37,16,7,8,500,
9/13/2021,5,48,13,10,500,
9/12/2021,65,12,20,14,500,
9/11/2021,44,27,13,10,500,
9/10/2021,62,5,12,12,500,
9/9/2021,22,3,5,9,500,
9/8/2021,16,29,7,11,500,
9/7/2021,60,24,6,9,500,
9/6/2021,37,37,6,10,500,
9/5/2021,45,3,6,11,500,
9/4/2021,40,10,9,8,500,
9/3/2021,62,31,6,7,500,
9/2/2021,36,14,5,8,500,
9/1/2021,9,19,7,11,500,
8/31/2021,41,24,9,11,500,
8/30/2021,54,17,4,13,500,
8/29/2021,54,14,6,13,500,
8/28/2021,25,23,3,11,500,
8/27/2021,28,29,4,13,500,
8/26/2021,23,4,6,10,500,
8/25/2021,18,35,10,9,500,
8/24/2021,28,23,12,7,500,
8/23/2021,75,17,10,7,500,
8/22/2021,34,23,10,9,500,
8/21/2021,11,13,6,6,500,
8/20/2021,38,31,6,6,500,
8/19/2021,42,40,8,9,500,
8/18/2021,20,20,8,9,500,
8/17/2021,58,47,7,9,500,
8/16/2021,45,18,4,10,500,
8/15/2021,75,21,6,11,500,
8/14/2021,88,30,7,8,500,
8/13/2021,34,14,7,7,500,
8/12/2021,51,11,5,11,500,
8/11/2021,33,40,6,12,500,
8/10/2021,37,30,3,12,500,
8/9/2021,34,33,8,13,500,
8/8/2021,60,36,13,14,500,
8/7/2021,51,30,22,13,500,
8/6/2021,41,3,16,16,500,
8/5/2021,96,19,18,17,500,
8/4/2021,56,23,31,16,500,
8/3/2021,94,3,20,13,500,
8/2/2021,39,3,13,18,500,
8/1/2021,34,40,8,13,500,
7/31/2021,44,9,16,9,500,
7/30/2021,5,18,14,11,500,
7/29/2021,12,23,6,11,500,
7/28/2021,29,47,5,17,500,
7/27/2021,16,16,16,19,500,
7/26/2021,8,10,18,11,500,
7/25/2021,84,37,9,13,500,
7/24/2021,5,37,7,12,500,
7/23/2021,77,36,5,9,500,
7/22/2021,35,6,6,13,500,
7/21/2021,19,28,7,15,500,
7/20/2021,5,18,9,15,500,
7/19/2021,78,24,10,16,500,
7/18/2021,76,21,7,12,500,
7/17/2021,26,18,7,10,500,
7/16/2021,32,41,5,8,500,
7/15/2021,18,28,6,8,500,
7/14/2021,45,32,5,8,500,
7/13/2021,30,23,6,7,500,
7/12/2021,37,27,6,7,500,
7/11/2021,11,17,5,7,500,
7/10/2021,49,19,7,9,500,
7/9/2021,64,24,5,11,500,
7/8/2021,103,37,6,9,500,
7/7/2021,100,40,8,8,500,
7/6/2021,43,19,3,15,500,
7/5/2021,46,20,9,15,500,
7/4/2021,16,35,10,12,500,
7/3/2021,24,3,11,10,500,
7/2/2021,13,22,10,12,500,
7/1/2021,15,34,11,9,500,
6/30/2021,28,20,17,9,500,
6/29/2021,19,19,14,7,500,
6/28/2021,18,22,9,8,500,
6/27/2021,58,15,10,15,500,
6/26/2021,52,40,8,13,500,
6/25/2021,80,11,4,2,500,
6/24/2021,53,5,5,6,500,
6/23/2021,25,42,18,19,500,
6/22/2021,12,45,13,10,500,
6/21/2021,21,35,23,10,500,
6/20/2021,35,25,20,1,500,
6/19/2021,60,16,16,8,500,
6/18/2021,38,32,12,7,500,
6/17/2021,88,41,11,1,500,
6/16/2021,47,33,10,1,500,
6/15/2021,5,14,8,1,500,
6/14/2021,21,20,9,19,500,
6/13/2021,23,36,7,9,500,
6/12/2021,5,26,6,20,500,
6/11/2021,78,45,5,18,500,
6/10/2021,10,32,9,14,500,
6/9/2021,37,28,8,5,500,
6/8/2021,46,20,12,1,500,
6/7/2021,23,13,19,11,500,
6/6/2021,86,3,23,14,500,
6/5/2021,39,3,17,8,500,
6/4/2021,38,9,13,10,500,
6/3/2021,44,9,22,1,500,
6/2/2021,75,10,16,6,500,
6/1/2021,86,34,16,8,500,
5/31/2021,61,15,1,19,500,
5/30/2021,69,16,6,1,500,
5/29/2021,17,14,38,20,500,
5/28/2021,53,19,6,22,500,
5/27/2021,39,22,26,4,500,
5/26/2021,59,16,1,6,500,
5/25/2021,5,33,64,13,500,
5/24/2021,29,3,1,12,500,
5/23/2021,60,26,55,10,500,
5/22/2021,31,17,1,8,500,
5/21/2021,65,30,48,1,500,
5/20/2021,48,21,1,5,500,
5/19/2021,53,3,6,5,500,
5/18/2021,71,23,21,13,500,
5/17/2021,44,29,10,12,500,
5/16/2021,9,35,19,1,500,
5/15/2021,54,36,11,11,500,
5/14/2021,11,30,15,15,500,
5/13/2021,28,4,29,5,500,
5/12/2021,20,22,6,12,500,
5/11/2021,60,48,43,2,500,
5/10/2021,40,16,17,2,500,
5/9/2021,90,21,10,4,500,
5/8/2021,53,22,9,9,500,
5/7/2021,18,17,20,9,500,
5/6/2021,85,15,1,18,500,
5/5/2021,43,41,37,1,500,
5/4/2021,28,34,34,14,500,
5/3/2021,51,16,14,14,500,
5/2/2021,31,14,2,17,500,
5/1/2021,44,30,20,1,500,
4/30/2021,5,22,27,17,500,
4/29/2021,65,8,7,5,500,
4/28/2021,17,21,11,6,500,
4/27/2021,30,32,8,6,500,
4/26/2021,41,4,6,13,500,
4/25/2021,26,31,7,19,500,
4/24/2021,5,19,7,20,500,
4/23/2021,14,25,8,9,500,
4/22/2021,9,30,10,10,500,
4/21/2021,5,22,9,9,500,
4/20/2021,8,19,10,10,500,
4/19/2021,5,44,8,19,500,
4/18/2021,50,31,7,23,500,
4/17/2021,17,3,4,6,500,
4/16/2021,11,6,8,20,500,
4/15/2021,22,11,8,14,500,
4/14/2021,18,34,10,6,500,
4/13/2021,30,22,12,4,500,
4/12/2021,42,39,11,7,500,
4/11/2021,47,45,12,7,500,
4/10/2021,37,24,14,15,500,
4/9/2021,37,8,13,1,500,
4/8/2021,47,27,13,22,500,
4/7/2021,5,12,15,6,500,
4/6/2021,57,51,16,17,500,
4/5/2021,22,17,9,8,500,
4/4/2021,25,3,3,20,500,
4/3/2021,26,9,3,1,500,
4/2/2021,48,39,6,17,500,
4/1/2021,58,43,8,6,500,
3/31/2021,5,25,6,4,500,
3/30/2021,42,28,7,8,500,
3/29/2021,44,17,7,1,500,
3/28/2021,54,3,4,15,500,
3/27/2021,56,24,6,3,500,
3/26/2021,45,24,7,1,500,
3/25/2021,50,9,11,3,500,
3/24/2021,41,5,16,10,500,
3/23/2021,40,10,14,2,500,
3/22/2021,60,16,15,18,500,
3/21/2021,45,8,10,1,500,
3/20/2021,19,46,10,3,500,
3/19/2021,44,19,7,7,500,
3/18/2021,24,42,12,4,500,
3/17/2021,24,13,21,25,500,
3/16/2021,27,13,18,3,500,
3/15/2021,27,14,14,15,500,
3/14/2021,28,15,18,29,500,
3/13/2021,35,16,24,13,500,
3/12/2021,35,20,26,21,500,
3/11/2021,27,19,19,13,500,
3/10/2021,24,15,16,6,500,
3/9/2021,26,12,19,13,500,
3/8/2021,38,14,19,1,500,
3/7/2021,33,21,18,1,500,
3/6/2021,17,27,30,9,500,
3/5/2021,23,9,21,1,500,
3/4/2021,19,12,10,3,500,
3/3/2021,27,10,7,19,500,
3/2/2021,18,14,18,33,500,
3/1/2021,23,10,9,12,500,
2/28/2021,38,12,15,13,500,
2/27/2021,33,19,8,8,500,
2/26/2021,22,17,8,19,500,
2/25/2021,17,12,17,20,500,
2/24/2021,21,9,27,20,500,
2/23/2021,24,12,39,1,500,
2/22/2021,22,13,41,4,500,
2/21/2021,35,11,43,6,500,
2/20/2021,42,19,64,9,500,
2/19/2021,37,23,89,5,500,
2/18/2021,37,22,94,15,500,
2/17/2021,40,24,51,1,500,
2/16/2021,37,22,43,22,500,
2/15/2021,36,19,42,12,500,
2/14/2021,46,18,45,1,500,
2/13/2021,34,24,72,15,500,
2/12/2021,23,19,92,5,500,
2/11/2021,21,12,49,9,500,
2/10/2021,20,11,68,14,500,
2/9/2021,22,12,42,7,500,
2/8/2021,31,11,33,9,500,
2/7/2021,53,19,35,12,500,
2/6/2021,41,16,25,11,500,
2/5/2021,37,22,47,7,500,
2/4/2021,41,21,45,11,500,
2/3/2021,39,21,39,14,500,
2/2/2021,35,22,17,16,500,
2/1/2021,27,18,20,10,500,
1/31/2021,35,14,19,8,500,
1/30/2021,58,18,22,16,500,
1/29/2021,52,30,26,11,500,
1/28/2021,51,32,20,13,500,
1/27/2021,54,28,19,7,500,
1/26/2021,46,29,13,10,500,
1/25/2021,51,24,21,8,500,
1/24/2021,79,26,29,15,500,
1/23/2021,84,41,68,16,500,
1/22/2021,63,44,48,14,500,
1/21/2021,47,33,32,16,500,
1/20/2021,76,24,40,19,500,
1/19/2021,82,39,66,24,500,
1/18/2021,46,44,87,21,500,
1/17/2021,85,28,45,13,500,
1/16/2021,71,48,47,19,500,
1/15/2021,73,39,30,32,500,
1/14/2021,76,39,41,22,500,
1/13/2021,68,43,72,24,500,
1/12/2021,40,41,62,21,500,
1/11/2021,39,35,42,14,500,
1/10/2021,46,33,38,15,500,
1/9/2021,34,33,39,16,500,
1/8/2021,20,22,34,11,500,
1/7/2021,78,12,22,9,500,
1/6/2021,101,39,28,10,500,
1/5/2021,84,55,33,18,500,
1/4/2021,61,48,31,21,500,
1/3/2021,57,34,37,13,500,
1/2/2021,52,36,31,15,500,
1/1/2021,33,35,41,13,500,
12/31/2020,40,23,35,11,500,
12/30/2020,31,34,30,13,500,
12/29/2020,37,23,39,9,500,
12/28/2020,48,21,22,11,500,
12/27/2020,42,25,16,11,500,
12/26/2020,84,21,5,13,500,
12/25/2020,47,43,9,16,500,
12/24/2020,35,28,17,14,500,
12/23/2020,57,18,13,12,500,
12/22/2020,55,31,21,18,500,
12/21/2020,50,35,23,17,500,
12/20/2020,42,32,33,14,500,
12/19/2020,36,27,35,12,500,
12/18/2020,21,21,21,9,500,
12/17/2020,23,16,20,7,500,
12/16/2020,15,13,13,10,500,
12/15/2020,15,10,13,8,500,
12/14/2020,30,8,15,6,500,
12/13/2020,61,16,10,10,500,
12/12/2020,55,32,29,11,500,
12/11/2020,61,31,35,12,500,
12/10/2020,60,36,40,15,500,
12/9/2020,46,41,38,15,500,
12/8/2020,44,30,29,15,500,
12/7/2020,51,28,25,12,500,
12/6/2020,43,35,31,15,500,
12/5/2020,36,28,24,16,500,
12/4/2020,35,30,27,13,500,
12/3/2020,44,30,22,9,500,
12/2/2020,43,32,26,10,500,
12/1/2020,43,34,35,14,500,
11/30/2020,36,36,23,16,500,
11/29/2020,24,32,25,13,500,
11/28/2020,33,20,25,11,500,
11/27/2020,44,25,22,11,500,
11/26/2020,34,31,36,15,500,
11/25/2020,34,22,39,16,500,
11/24/2020,37,19,30,16,500,
11/23/2020,22,22,24,21,500,
11/22/2020,20,16,28,17,500,
11/21/2020,15,13,13,17,500,
11/20/2020,17,8,17,13,500,
11/19/2020,18,9,13,14,500,
11/18/2020,22,10,11,14,500,
11/17/2020,31,12,19,14,500,
11/16/2020,45,17,19,17,500,
11/15/2020,31,24,26,21,500,
11/14/2020,42,17,23,15,500,
11/13/2020,42,30,36,18,500,
11/12/2020,44,33,47,22,500,
11/11/2020,41,34,64,22,500,
11/10/2020,38,33,38,19,500,
11/9/2020,40,35,41,24,500,
11/8/2020,63,40,26,32,500,
11/7/2020,61,31,1,10,500,
11/6/2020,38,36,35,11,500,
11/5/2020,53,10,24,6,500,
11/4/2020,38,33,86,23,500,
11/3/2020,31,25,28,15,500,
11/2/2020,34,19,17,12,500,
11/1/2020,45,20,29,15,500,
10/31/2020,36,25,38,21,500,
10/30/2020,21,21,40,23,500,
10/29/2020,26,13,27,17,500,
10/28/2020,35,19,35,11,500,
10/27/2020,34,27,34,15,500,
10/26/2020,34,22,37,16,500,
10/25/2020,37,20,37,18,500,
10/24/2020,37,28,45,15,500,
10/23/2020,26,37,80,23,500,
10/22/2020,23,28,53,17,500,
10/21/2020,19,21,38,13,500,
10/20/2020,22,18,34,13,500,
10/19/2020,21,17,29,13,500,
10/18/2020,22,14,18,11,500,
10/17/2020,13,15,23,11,500,
10/16/2020,19,11,22,13,500,
10/15/2020,9,14,28,12,500,
10/14/2020,5,4,22,11,500,
10/13/2020,36,3,23,7,500,
10/12/2020,35,25,35,12,500,
10/11/2020,31,25,44,15,500,
10/10/2020,21,19,29,10,500,
10/9/2020,19,14,26,11,500,
10/8/2020,18,15,24,12,500,
10/7/2020,21,13,22,11,500,
10/6/2020,22,21,21,7,500,
10/5/2020,18,19,27,14,500,
10/4/2020,10,13,29,12,500,
10/3/2020,9,7,11,2,500,
10/2/2020,12,6,9,9,500,
10/1/2020,19,7,20,4,500,
9/30/2020,7,11,21,17,500,
9/29/2020,17,5,13,10,500,
9/28/2020,17,12,29,4,500,
9/27/2020,14,11,27,1,500,
9/26/2020,12,9,26,6,500,
9/25/2020,18,7,17,1,500,
9/24/2020,11,12,34,1,500,
9/23/2020,7,10,20,6,500,
9/22/2020,5,4,10,7,500,
9/21/2020,7,3,10,12,500,
9/20/2020,7,5,11,1,500,
9/19/2020,7,4,7,1,500,
9/18/2020,10,4,21,15,500,
9/17/2020,14,7,29,1,500,
9/16/2020,6,11,18,13,500,
9/15/2020,11,5,12,9,500,
9/14/2020,14,8,27,7,500,
9/13/2020,10,10,14,23,500,
9/12/2020,10,7,13,17,500,
9/11/2020,11,6,12,16,500,
9/10/2020,10,6,14,19,500,
9/9/2020,10,7,16,7,500,
9/8/2020,12,6,14,10,500,
9/7/2020,13,7,13,14,500,
9/6/2020,8,7,22,20,500,
9/5/2020,11,5,29,10,500,
9/4/2020,24,6,18,1,500,
9/3/2020,39,14,31,19,500,
9/2/2020,42,22,48,10,500,
9/1/2020,37,24,108,25,500,
8/31/2020,17,23,99,14,500,
8/30/2020,14,11,45,8,500,
8/29/2020,12,9,29,1,500,
8/28/2020,16,8,28,6,500,
8/27/2020,26,10,24,11,500,
8/26/2020,25,15,41,13,500,
8/25/2020,10,15,27,17,500,
8/24/2020,8,7,41,13,500,
8/23/2020,7,5,18,11,500,
8/22/2020,10,5,20,9,500,
8/21/2020,9,9,18,14,500,
8/20/2020,12,6,19,14,500,
8/19/2020,12,8,9,15,500,
8/18/2020,5,8,10,13,500,
8/17/2020,5,3,8,13,500,
8/16/2020,5,3,8,11,500,
8/15/2020,11,41,34,13,500,
8/14/2020,11,7,8,10,500,
8/13/2020,11,7,9,13,500,
8/12/2020,13,7,13,12,500,
8/11/2020,11,10,18,8,500,
8/10/2020,13,8,20,10,500,
8/9/2020,10,9,19,10,500,
8/8/2020,12,7,17,9,500,
8/7/2020,12,10,11,10,500,
8/6/2020,11,8,12,10,500,
8/5/2020,10,6,12,12,500,
8/4/2020,12,6,10,13,500,
8/3/2020,56,8,10,13,500,
8/2/2020,7,12,9,14,500,
8/1/2020,17,4,12,10,500,
7/31/2020,19,11,12,13,500,
7/30/2020,15,14,14,20,500,
7/29/2020,13,10,15,13,500,
7/28/2020,20,9,18,10,500,
7/27/2020,20,14,15,16,500,
7/26/2020,11,13,15,15,500,
7/25/2020,10,8,17,10,500,
7/24/2020,19,9,11,11,500,
7/23/2020,8,20,11,11,500,
7/22/2020,11,7,11,10,500,
7/21/2020,11,11,11,9,500,
7/20/2020,18,9,11,8,500,
7/19/2020,20,11,14,9,500,
7/18/2020,19,13,18,11,500,
7/17/2020,16,13,17,8,500,
7/16/2020,19,12,16,9,500,
7/15/2020,15,14,17,9,500,
7/14/2020,16,11,16,9,500,
7/13/2020,19,11,16,9,500,
7/12/2020,19,13,17,10,500,
7/11/2020,17,13,19,8,500,
7/10/2020,19,12,21,12,500,
7/9/2020,18,15,21,9,500,
7/8/2020,18,15,22,10,500,
7/7/2020,22,13,18,9,500,
7/6/2020,14,15,15,8,500,
7/5/2020,11,11,14,8,500,
7/4/2020,13,8,14,9,500,
7/3/2020,14,8,14,11,500,
7/2/2020,19,10,13,17,500,
7/1/2020,13,11,19,11,500,
6/30/2020,16,10,22,10,500,
6/29/2020,23,11,21,9,500,
6/28/2020,21,15,18,9,500,
6/27/2020,20,15,17,10,500,
6/26/2020,19,12,18,8,500,
6/25/2020,20,15,20,10,500,
6/24/2020,20,14,20,12,500,
6/23/2020,22,15,21,10,500,
6/22/2020,21,17,20,9,500,
6/21/2020,19,15,19,11,500,
6/20/2020,15,15,18,8,500,
6/19/2020,14,12,15,8,500,
6/18/2020,11,10,14,10,500,
6/17/2020,13,9,13,9,500,
6/16/2020,13,13,15,7,500,
6/15/2020,15,11,15,8,500,
6/14/2020,18,9,18,14,500,
6/13/2020,15,11,16,16,500,
6/12/2020,20,10,16,10,500,
6/11/2020,22,13,17,10,500,
6/10/2020,23,15,17,11,500,
6/9/2020,15,15,17,10,500,
6/8/2020,11,13,18,9,500,
6/7/2020,12,11,16,11,500,
6/6/2020,14,11,17,10,500,
6/5/2020,16,12,18,10,500,
6/4/2020,14,12,16,10,500,
6/3/2020,14,14,16,9,500,
6/2/2020,20,11,16,9,500,
6/1/2020,15,17,17,9,500,
5/31/2020,14,11,18,10,500,
5/30/2020,15,13,17,10,500,
5/29/2020,28,13,18,10,500,
5/28/2020,34,19,18,12,500,
5/27/2020,25,23,27,15,500,
5/26/2020,26,21,21,18,500,
5/25/2020,18,22,12,19,500,
5/24/2020,34,13,20,11,500,
5/23/2020,32,26,20,17,500,
5/22/2020,28,23,27,18,500,
5/21/2020,25,25,18,21,500,
5/20/2020,24,21,21,16,500,
5/19/2020,28,15,21,13,500,
5/18/2020,20,18,18,16,500,
5/17/2020,16,14,19,19,500,
5/16/2020,19,11,17,14,500,
5/15/2020,18,12,13,9,500,
5/14/2020,19,11,13,10,500,
5/13/2020,32,12,16,12,500,
5/12/2020,26,19,18,15,500,
5/11/2020,21,16,20,15,500,
5/10/2020,28,13,14,9,500,
5/9/2020,30,19,19,11,500,
5/8/2020,24,18,15,12,500,
5/7/2020,21,14,15,9,500,
5/6/2020,19,14,12,8,500,
5/5/2020,19,11,12,8,500,
5/4/2020,18,12,11,8,500,
5/3/2020,20,11,12,8,500,
5/2/2020,24,12,11,8,500,
5/1/2020,32,15,9,8,500,
4/30/2020,43,18,16,8,500,
4/29/2020,60,29,18,15,500,
4/28/2020,60,43,25,19,500,
4/27/2020,48,41,28,16,500,
4/26/2020,46,36,23,13,500,
4/25/2020,99,28,10,11,500,
4/24/2020,20,81,13,13,500,
4/23/2020,24,12,12,12,500,
4/22/2020,35,15,7,13,500,
4/21/2020,27,22,10,13,500,
4/20/2020,30,15,11,8,500,
4/19/2020,41,20,12,9,500,
4/18/2020,45,25,9,10,500,
4/17/2020,50,26,12,15,500,
4/16/2020,58,32,12,16,500,
4/15/2020,68,34,12,18,500,
4/14/2020,44,42,28,16,500,
4/13/2020,59,32,27,12,500,
4/12/2020,46,42,14,15,500,
4/11/2020,49,45,20,13,500,
4/10/2020,58,28,11,15,500,
4/9/2020,63,34,12,18,500,
4/8/2020,70,45,19,14,500,
4/7/2020,33,39,6,18,500,
4/6/2020,20,18,7,13,500,
4/5/2020,21,13,6,10,500,
4/4/2020,37,13,5,8,500,
4/3/2020,61,21,5,11,500,
4/2/2020,58,36,6,13,500,
4/1/2020,61,33,7,12,500,
3/31/2020,21,35,5,9,500,
3/30/2020,42,58,37,3,500,
3/29/2020,55,15,18,6,500,
3/28/2020,49,34,10,11,500,
3/27/2020,35,31,10,12,500,
3/26/2020,33,21,10,11,500,
3/25/2020,35,20,10,9,500,
3/24/2020,33,24,11,10,500,
3/23/2020,37,24,10,11,500,
3/22/2020,40,27,9,12,500,
3/21/2020,50,24,10,11,500,
3/20/2020,40,29,9,14,500,
3/19/2020,40,24,5,11,500,
3/18/2020,44,23,5,13,500,
3/17/2020,60,27,6,17,500,
3/16/2020,48,35,10,17,500,
3/15/2020,85,25,8,22,500,
3/14/2020,54,53,15,23,500,
3/13/2020,34,39,10,14,500,
3/12/2020,62,20,6,11,500,
3/11/2020,71,34,10,18,500,
3/10/2020,61,54,12,27,500,
3/9/2020,53,55,17,20,500,
3/8/2020,42,33,14,15,500,
3/7/2020,44,27,13,12,500,
3/6/2020,42,26,10,17,500,
3/5/2020,28,25,4,15,500,
3/4/2020,30,17,6,13,500,
3/3/2020,39,17,10,13,500,
3/2/2020,43,24,7,12,500,
3/1/2020,44,27,9,16,500,
2/29/2020,50,28,11,17,500,
2/28/2020,34,28,8,14,500,
2/27/2020,47,22,10,15,500,
2/26/2020,57,35,8,17,500,
2/25/2020,60,39,10,17,500,
2/24/2020,69,36,14,17,500,
2/23/2020,108,42,18,18,500,
2/22/2020,105,61,22,19,500,
2/21/2020,76,56,23,22,500,
2/20/2020,108,47,17,23,500,
2/19/2020,114,56,11,27,500,
2/18/2020,52,72,6,33,500,
2/17/2020,47,63,19,24,500,
2/16/2020,42,53,11,22,500,
2/15/2020,42,3,13,3,500,
2/14/2020,34,26,7,13,500,
2/13/2020,42,19,8,15,500,
2/12/2020,64,23,9,15,500,
2/11/2020,83,35,9,20,500,
2/10/2020,49,46,9,21,500,
2/9/2020,32,30,5,19,500,
2/8/2020,60,20,8,13,500,
2/7/2020,55,33,11,17,500,
2/6/2020,80,31,11,17,500,
2/5/2020,69,46,4,19,500,
2/4/2020,45,38,2,18,500,
2/3/2020,76,26,3,16,500,
2/2/2020,80,43,11,19,500,
2/1/2020,67,44,5,20,500,
1/31/2020,73,38,14,28,500,
1/30/2020,71,51,24,24,500,
1/29/2020,66,46,19,19,500,
1/28/2020,46,39,12,11,500,
1/27/2020,28,29,7,16,500,
1/26/2020,14,18,10,13,500,
1/25/2020,24,12,9,14,500,
1/24/2020,54,13,10,7,500,
1/23/2020,46,30,9,11,500,
1/22/2020,71,26,11,16,500,
1/21/2020,108,39,8,17,500,
1/20/2020,106,53,7,20,500,
1/19/2020,84,51,5,18,500,
1/18/2020,85,44,5,16,500,
1/17/2020,56,46,4,20,500,
1/16/2020,50,34,2,15,500,
1/15/2020,51,32,12,23,500,
1/14/2020,83,33,14,20,500,
1/13/2020,83,43,11,27,500,
1/12/2020,42,49,3,26,500,
1/11/2020,60,28,8,14,500,
1/10/2020,48,35,7,18,500,
1/9/2020,56,29,13,17,500,
1/8/2020,57,35,17,21,500,
1/7/2020,55,37,9,29,500,
1/6/2020,49,32,9,19,500,
1/5/2020,48,31,14,19,500,
1/4/2020,77,35,21,20,500,
1/3/2020,53,45,12,23,500,
1/2/2020,54,36,14,23,500,
1/1/2020,81,34,14,20,500,
12/31/2019,47,51,7,25,500,
12/30/2019,104,26,4,8,500,
12/29/2019,97,58,16,26,500,
12/28/2019,50,60,9,27,500,
12/27/2019,59,39,6,16,500,
12/26/2019,90,40,4,17,500,
12/25/2019,99,50,4,18,500,
12/24/2019,97,53,5,20,500,
12/23/2019,26,54,5,22,500,
12/22/2019,73,31,1,14,500,
12/21/2019,72,53,1,15,500,
12/20/2019,79,28,29,16,500,
12/19/2019,5,11,33,11,500,
12/18/2019,37,22,44,16,500,
12/17/2019,12,30,1,8,500,
12/16/2019,31,30,35,12,500,
12/15/2019,83,20,1,23,500,
12/14/2019,36,36,23,8,500,
12/13/2019,33,45,28,1,500,
12/12/2019,163,23,39,1,500,
12/11/2019,130,86,1,35,500,
12/10/2019,120,77,27,36,500,
12/9/2019,118,75,20,34,500,
12/8/2019,104,81,43,35,500,
12/7/2019,79,79,18,30,500,
12/6/2019,75,86,1,28,500,
12/5/2019,64,71,20,24,500,
12/4/2019,78,64,25,23,500,
12/3/2019,64,70,7,29,500,
12/2/2019,38,63,8,25,500,
12/1/2019,80,40,6,17,500,
11/30/2019,86,52,8,24,500,
11/29/2019,62,62,12,31,500,
11/28/2019,52,60,8,26,500,
11/27/2019,90,52,4,18,500,
11/26/2019,106,59,6,26,500,
11/25/2019,66,66,18,31,500,
11/24/2019,51,51,25,26,500,
11/23/2019,96,30,18,22,500,
11/22/2019,90,54,28,25,500,
11/21/2019,84,57,24,26,500,
11/20/2019,62,58,16,30,500,
11/19/2019,37,49,10,26,500,
11/18/2019,41,25,10,15,500,
11/17/2019,40,25,13,17,500,
11/16/2019,77,16,23,11,500,
11/15/2019,61,33,33,20,500,
11/14/2019,31,28,39,21,500,
11/13/2019,55,14,13,15,500,
11/12/2019,85,29,11,20,500,
11/11/2019,99,36,34,28,500,
11/10/2019,95,46,47,26,500,
11/9/2019,91,50,58,26,500,
11/8/2019,84,47,49,26,500,
11/7/2019,108,53,42,25,500,
11/6/2019,110,52,51,24,500,
11/5/2019,88,53,57,27,500,
11/4/2019,72,57,53,27,500,
11/3/2019,82,41,35,19,500,
11/2/2019,60,37,26,18,500,
11/1/2019,57,35,23,21,500,
10/31/2019,56,24,26,11,500,
10/30/2019,48,39,27,8,500,
10/29/2019,36,51,33,11,500,
10/28/2019,58,33,30,17,500,
10/27/2019,59,34,9,18,500,
10/26/2019,66,24,29,20,500,
10/25/2019,53,30,25,21,500,
10/24/2019,34,25,37,21,500,
10/23/2019,44,14,10,19,500,
10/22/2019,54,20,31,17,500,
10/21/2019,74,23,33,18,500,
10/20/2019,64,29,42,20,500,
10/19/2019,43,31,50,19,500,
10/18/2019,54,21,29,19,500,
10/17/2019,83,25,20,18,500,
10/16/2019,60,33,20,21,500,
10/15/2019,55,31,39,21,500,
10/14/2019,73,31,20,19,500,
10/13/2019,43,34,24,19,500,
10/12/2019,37,20,25,19,500,
10/11/2019,36,17,7,17,500,
10/10/2019,45,16,9,17,500,
10/9/2019,61,20,6,17,500,
10/8/2019,75,29,4,20,500,
10/7/2019,43,32,1,3,500,
10/6/2019,24,34,29,10,500,
10/5/2019,26,5,15,13,500,
10/4/2019,55,24,28,1,500,
10/3/2019,34,37,1,5,500,
10/2/2019,94,43,3,3,500,
10/1/2019,83,35,10,18,500,
9/30/2019,86,33,63,19,500,
9/29/2019,85,37,88,19,500,
9/28/2019,72,36,97,19,500,
9/27/2019,69,34,85,20,500,
9/26/2019,60,38,64,22,500,
9/25/2019,61,31,64,20,500,
9/24/2019,66,38,65,20,500,
9/23/2019,59,67,20,23,500,
9/22/2019,71,3,32,1,500,
9/21/2019,39,41,1,8,500,
9/20/2019,39,24,37,12,500,
9/19/2019,27,56,1,9,500,
9/18/2019,13,34,11,11,500,
9/17/2019,12,30,8,13,500,
9/16/2019,99,46,39,13,500,
9/15/2019,86,37,23,18,500,
9/14/2019,37,33,32,19,500,
9/13/2019,42,16,34,19,500,
9/12/2019,34,19,21,19,500,
9/11/2019,28,15,22,19,500,
9/10/2019,50,14,5,19,500,
9/9/2019,44,22,15,17,500,
9/8/2019,68,18,19,18,500,
9/7/2019,84,25,19,18,500,
9/6/2019,68,32,33,17,500,
9/5/2019,45,28,49,18,500,
9/4/2019,34,22,30,18,500,
9/3/2019,24,17,19,17,500,
9/2/2019,33,14,12,18,500,
9/1/2019,13,31,43,22,500,
8/31/2019,13,5,6,15,500,
8/30/2019,26,5,8,17,500,
8/29/2019,39,11,5,17,500,
8/28/2019,30,23,14,19,500,
8/27/2019,46,15,10,19,500,
8/26/2019,90,19,8,19,500,
8/25/2019,56,33,29,18,500,
8/24/2019,40,23,56,18,500,
8/23/2019,47,18,22,18,500,
8/22/2019,27,20,10,23,500,
8/21/2019,33,12,17,30,500,
8/20/2019,70,15,15,29,500,
8/19/2019,62,26,44,29,500,
8/18/2019,32,28,268,36,500,
8/17/2019,36,16,81,30,500,
8/16/2019,77,20,58,26,500,
8/15/2019,77,30,100,32,500,
8/14/2019,37,32,27,36,500,
8/13/2019,22,22,30,32,500,
8/12/2019,12,11,48,26,500,
8/11/2019,16,8,37,25,500,
8/10/2019,35,8,32,21,500,
8/9/2019,42,15,51,28,500,
8/8/2019,55,18,30,29,500,
8/7/2019,43,24,34,26,500,
8/6/2019,29,18,42,11,500,
8/5/2019,22,13,18,11,500,
8/4/2019,14,9,12,15,500,
8/3/2019,12,5,13,13,500,
8/2/2019,27,4,11,9,500,
8/1/2019,26,10,10,7,500,
7/31/2019,22,11,12,6,500,
7/30/2019,24,14,15,3,500,
7/29/2019,21,11,12,3,500,
7/28/2019,16,10,14,4,500,
7/27/2019,18,10,11,4,500,
7/26/2019,64,18,19,9,500,
7/25/2019,19,51,15,17,500,
7/24/2019,24,8,5,2,500,
7/23/2019,21,14,9,2,500,
7/22/2019,26,13,10,3,500,
7/21/2019,42,13,11,3,500,
7/20/2019,28,20,18,4,500,
7/19/2019,41,16,20,6,500,
7/18/2019,30,18,31,5,500,
7/17/2019,28,13,21,5,500,
7/16/2019,27,14,17,7,500,
7/15/2019,33,12,20,8,500,
7/14/2019,34,15,19,12,500,
7/13/2019,36,17,28,14,500,
7/12/2019,26,17,25,10,500,
7/11/2019,28,14,22,10,500,
7/10/2019,31,13,23,14,500,
7/9/2019,26,16,14,14,500,
7/8/2019,20,12,25,10,500,
7/7/2019,19,11,28,8,500,
7/6/2019,20,10,26,9,500,
7/5/2019,20,10,28,8,500,
7/4/2019,22,11,20,7,500,
7/3/2019,32,13,20,4,500,
7/2/2019,48,20,16,11,500,
7/1/2019,25,29,25,13,500,
6/30/2019,21,12,18,10,500,
6/29/2019,16,11,29,14,500,
6/28/2019,8,10,32,10,500,
6/27/2019,64,5,24,5,500,
6/26/2019,47,7,3,7,500,
6/25/2019,12,12,13,6,500,
6/24/2019,36,20,24,2,500,
6/23/2019,19,32,11,19,500,
6/22/2019,60,21,35,7,500,
6/21/2019,21,17,25,3,500,
6/20/2019,44,16,16,17,500,
6/19/2019,31,43,15,12,500,
6/18/2019,78,26,13,24,500,
6/17/2019,45,34,6,8,500,
6/16/2019,25,14,9,12,500,
6/15/2019,50,32,8,7,500,
6/14/2019,9,28,11,19,500,
6/13/2019,59,46,10,1,500,
6/12/2019,26,9,10,16,500,
6/11/2019,12,16,26,19,500,
6/10/2019,24,20,55,24,500,
6/9/2019,38,30,18,2,500,
6/8/2019,63,3,18,3,500,
6/7/2019,19,10,11,2,500,
6/6/2019,54,25,15,3,500,
6/5/2019,5,23,30,2,500,
6/4/2019,5,34,16,2,500,
6/3/2019,48,9,20,3,500,
6/2/2019,79,30,28,3,500,
6/1/2019,55,15,22,3,500,
5/31/2019,14,35,8,2,500,
5/30/2019,31,3,5,2,500,
5/29/2019,13,24,14,10,500,
5/28/2019,57,29,14,22,500,
5/27/2019,39,21,10,27,500,
5/26/2019,84,37,18,1,500,
5/25/2019,23,3,34,17,500,
5/24/2019,86,18,8,1,500,
5/23/2019,53,10,1,4,500,
5/22/2019,32,24,39,16,500,
5/21/2019,60,19,4,24,500,
5/20/2019,50,20,25,5,500,
5/19/2019,35,17,25,23,500,
5/18/2019,43,34,1,9,500,
5/17/2019,5,36,11,21,500,
5/16/2019,76,4,17,22,500,
5/15/2019,63,22,1,21,500,
5/14/2019,71,32,29,4,500,
5/13/2019,24,27,1,12,500,
5/12/2019,36,3,1,10,500,
5/11/2019,84,22,1,17,500,
5/10/2019,35,7,18,18,500,
5/9/2019,79,3,50,5,500,
5/8/2019,17,14,22,1,500,
5/7/2019,58,25,41,14,500,
5/6/2019,13,42,1,23,500,
5/5/2019,66,15,34,7,500,
5/4/2019,57,3,37,14,500,
5/3/2019,35,50,1,1,500,
5/2/2019,68,30,12,12,500,
5/1/2019,44,37,1,1,500,
4/30/2019,8,18,47,1,500,
4/29/2019,11,21,56,6,500,
4/28/2019,33,17,38,27,500,
4/27/2019,12,29,26,31,500,
4/26/2019,8,15,10,1,500,
4/25/2019,5,6,1,13,500,
4/24/2019,49,24,19,24,500,
4/23/2019,5,7,44,10,500,
4/22/2019,39,55,11,15,500,
4/21/2019,5,33,1,9,500,
4/20/2019,67,22,28,9,500,
4/19/2019,15,48,6,22,500,
4/18/2019,17,35,41,2,500,
4/17/2019,19,20,34,1,500,
4/16/2019,7,16,39,14,500,
4/15/2019,39,7,1,8,500,
4/14/2019,27,9,12,6,500,
4/13/2019,44,26,38,3,500,
4/12/2019,18,53,15,24,500,
4/11/2019,33,28,4,18,500,
4/10/2019,27,14,7,12,500,
4/9/2019,22,30,52,20,500,
4/8/2019,19,16,18,15,500,
4/7/2019,60,3,25,22,500,
4/6/2019,5,22,1,10,500,
4/5/2019,83,28,26,1,500,
4/4/2019,59,12,28,8,500,
4/3/2019,22,30,9,23,500,
4/2/2019,55,15,1,3,500,
4/1/2019,55,29,10,12,500,
3/31/2019,27,32,25,1,500,
3/30/2019,62,24,1,3,500,
3/29/2019,21,21,11,24,500,
3/28/2019,28,40,12,17,500,
3/27/2019,19,8,1,15,500,
3/26/2019,37,22,32,4,500,
3/25/2019,23,25,1,10,500,
3/24/2019,46,22,14,15,500,
3/23/2019,38,8,21,3,500,
3/22/2019,43,12,15,9,500,
3/21/2019,110,23,13,15,500,
3/20/2019,48,43,20,3,500,
3/19/2019,5,32,32,9,500,
3/18/2019,26,12,43,17,500,
3/17/2019,22,36,12,12,500,
3/16/2019,12,9,23,10,500,
3/15/2019,39,24,1,15,500,
3/14/2019,25,10,30,12,500,
3/13/2019,28,32,22,17,500,
3/12/2019,5,6,13,12,500,
3/11/2019,45,7,20,9,500,
3/10/2019,53,24,25,28,500,
3/9/2019,35,27,26,4,500,
3/8/2019,5,25,23,4,500,
3/7/2019,36,25,16,3,500,
3/6/2019,25,15,55,11,500,
3/5/2019,48,17,16,1,500,
3/4/2019,27,3,4,16,500,
3/3/2019,43,28,5,9,500,
3/2/2019,59,55,1,6,500,
3/1/2019,6,6,45,3,500,
